{
  "R2": 0.8615141688764426,
  "RMSE": 0.8090706457406767
}